,ticker
0,0GUSDT
1,1000000BOBUSDT
2,1000000MOGUSDT
3,1000BONKUSDC
4,1000BONKUSDT
5,1000CATUSDT
6,1000CHEEMSUSDT
7,1000FLOKIUSDT
8,1000LUNCUSDT
9,1000PEPEUSDC
10,1000PEPEUSDT
11,1000RATSUSDT
12,1000SATSUSDT
13,1000SHIBUSDC
14,1000SHIBUSDT
15,1000WHYUSDT
16,1000XECUSDT
17,1000XUSDT
18,1INCHUSDT
19,1MBABYDOGEUSDT
20,2ZUSDT
21,42USDT
22,4USDT
23,A2ZUSDT
24,AAVEUSDC
25,AAVEUSDT
26,ACEUSDT
27,ACHUSDT
28,ACTUSDT
29,ACXUSDT
30,ADAUSDC
31,ADAUSDT
32,AERGOUSDT
33,AEROUSDT
34,AEVOUSDT
35,AGIXUSDT
36,AGLDUSDT
37,AGTUSDT
38,AI16ZUSDT
39,AIAUSDT
40,AINUSDT
41,AIOTUSDT
42,AIOUSDT
43,AIUSDT
44,AIXBTUSDT
45,AKEUSDT
46,AKTUSDT
47,ALCHUSDT
48,ALGOUSDT
49,ALICEUSDT
50,ALLOUSDT
51,ALLUSDT
52,ALPACAUSDT
53,ALPHAUSDT
54,ALPINEUSDT
55,ALTUSDT
56,AMBUSDT
57,ANIMEUSDT
58,ANKRUSDT
59,APEUSDT
60,API3USDT
61,APRUSDT
62,APTUSDT
63,ARBUSDC
64,ARBUSDT
65,ARCUSDT
66,ARIAUSDT
67,ARKMUSDT
68,ARKUSDT
69,ARPAUSDT
70,ARUSDT
71,ASRUSDT
72,ASTERUSDT
73,ASTRUSDT
74,ATAUSDT
75,ATHUSDT
76,ATOMUSDT
77,ATUSDT
78,AUCTIONUSDT
79,AUSDT
80,AVAAIUSDT
81,AVAUSDT
82,AVAXUSDC
83,AVAXUSDT
84,AVNTUSDT
85,AWEUSDT
86,AXLUSDT
87,AXSUSDT
88,B2USDT
89,B3USDT
90,BABYUSDT
91,BADGERUSDT
92,BAKEUSDT
93,BALUSDT
94,BANANAS31USDT
95,BANANAUSDT
96,BANDUSDT
97,BANKUSDT
98,BANUSDT
99,BARDUSDT
100,BASUSDT
101,BATUSDT
102,BBUSDT
103,BCHUSDC
104,BCHUSDT
105,BDXNUSDT
106,BEAMXUSDT
107,BEATUSDT
108,BELUSDT
109,BERAUSDT
110,BICOUSDT
111,BIDUSDT
112,BIGTIMEUSDT
113,BIOUSDC
114,BIOUSDT
115,BLESSUSDT
116,BLUAIUSDT
117,BLURUSDT
118,BLZUSDT
119,BMTUSDT
120,BNBUSDC
121,BNBUSDT
122,BNTUSDT
123,BNXUSDT
124,BOBUSDT
125,BOMEUSDC
126,BOMEUSDT
127,BONDUSDT
128,BRETTUSDT
129,BROCCOLI714USDT
130,BROCCOLIF3BUSDT
131,BRUSDT
132,BSVUSDT
133,BSWUSDT
134,BTCDOMUSDT
135,BTCUSDC
136,BTCUSDT
137,BTCUSDT_251226
138,BTCUSDT_260327
139,BTCUSDT_260626
140,BTRUSDT
141,BULLAUSDT
142,BUSDT
143,C98USDT
144,CAKEUSDT
145,CARVUSDT
146,CATIUSDT
147,CCUSDT
148,CELOUSDT
149,CELRUSDT
150,CETUSUSDT
151,CFXUSDT
152,CGPTUSDT
153,CHESSUSDT
154,CHILLGUYUSDT
155,CHRUSDT
156,CHZUSDT
157,CKBUSDT
158,CLANKERUSDT
159,CLOUSDT
160,COAIUSDT
161,COMBOUSDT
162,COMMONUSDT
163,COMPUSDT
164,COOKIEUSDT
165,COSUSDT
166,COTIUSDT
167,COWUSDT
168,CROSSUSDT
169,CRVUSDC
170,CRVUSDT
171,CTKUSDT
172,CTSIUSDT
173,CUDISUSDT
174,CUSDT
175,CVCUSDT
176,CVXUSDT
177,CYBERUSDT
178,CYSUSDT
179,DAMUSDT
180,DARUSDT
181,DASHUSDT
182,DEEPUSDT
183,DEFIUSDT
184,DEGENUSDT
185,DEGOUSDT
186,DENTUSDT
187,DEXEUSDT
188,DFUSDT
189,DGBUSDT
190,DIAUSDT
191,DMCUSDT
192,DODOXUSDT
193,DOGEUSDC
194,DOGEUSDT
195,DOGSUSDT
196,DOLOUSDT
197,DOODUSDT
198,DOTUSDT
199,DRIFTUSDT
200,DUSDT
201,DUSKUSDT
202,DYDXUSDT
203,DYMUSDT
204,EDENUSDT
205,EDUUSDT
206,EGLDUSDT
207,EIGENUSDT
208,ENAUSDC
209,ENAUSDT
210,ENJUSDT
211,ENSOUSDT
212,ENSUSDT
213,EPICUSDT
214,EPTUSDT
215,ERAUSDT
216,ESPORTSUSDT
217,ETCUSDT
218,ETHBTC
219,ETHFIUSDC
220,ETHFIUSDT
221,ETHUSDC
222,ETHUSDT
223,ETHUSDT_251226
224,ETHUSDT_260327
225,ETHUSDT_260626
226,ETHWUSDT
227,EULUSDT
228,EVAAUSDT
229,FARTCOINUSDT
230,FETUSDT
231,FFUSDT
232,FHEUSDT
233,FIDAUSDT
234,FILUSDC
235,FILUSDT
236,FIOUSDT
237,FISUSDT
238,FLMUSDT
239,FLOCKUSDT
240,FLOWUSDT
241,FLUIDUSDT
242,FLUXUSDT
243,FOLKSUSDT
244,FORMUSDT
245,FORTHUSDT
246,FTMUSDT
247,FUNUSDT
248,FUSDT
249,FXSUSDT
250,GALAUSDT
251,GASUSDT
252,GHSTUSDT
253,GIGGLEUSDT
254,GLMRUSDT
255,GLMUSDT
256,GMTUSDT
257,GMXUSDT
258,GOATUSDT
259,GPSUSDT
260,GRASSUSDT
261,GRIFFAINUSDT
262,GRTUSDT
263,GTCUSDT
264,GUAUSDT
265,GUNUSDT
266,GUSDT
267,HAEDALUSDT
268,HANAUSDT
269,HBARUSDC
270,HBARUSDT
271,HEIUSDT
272,HEMIUSDT
273,HFTUSDT
274,HIFIUSDT
275,HIGHUSDT
276,HIPPOUSDT
277,HIVEUSDT
278,HMSTRUSDT
279,HOLOUSDT
280,HOMEUSDT
281,HOOKUSDT
282,HOTUSDT
283,HUMAUSDT
284,HUSDT
285,HYPERUSDT
286,HYPEUSDT
287,ICNTUSDT
288,ICPUSDT
289,ICXUSDT
290,IDEXUSDT
291,IDOLUSDT
292,IDUSDT
293,ILVUSDT
294,IMXUSDT
295,INITUSDT
296,INJUSDT
297,INUSDT
298,IOSTUSDT
299,IOTAUSDT
300,IOTXUSDT
301,IOUSDT
302,IPUSDC
303,IPUSDT
304,IRUSDT
305,IRYSUSDT
306,JASMYUSDT
307,JCTUSDT
308,JELLYJELLYUSDT
309,JOEUSDT
310,JSTUSDT
311,JTOUSDT
312,JUPUSDT
313,KAIAUSDT
314,KAITOUSDC
315,KAITOUSDT
316,KASUSDT
317,KAVAUSDT
318,KDAUSDT
319,KERNELUSDT
320,KEYUSDT
321,KGENUSDT
322,KITEUSDT
323,KLAYUSDT
324,KMNOUSDT
325,KNCUSDT
326,KOMAUSDT
327,KSMUSDT
328,LABUSDT
329,LAUSDT
330,LAYERUSDT
331,LDOUSDT
332,LEVERUSDT
333,LIGHTUSDT
334,LINAUSDT
335,LINEAUSDT
336,LINKUSDC
337,LINKUSDT
338,LISTAUSDT
339,LITUSDT
340,LOKAUSDT
341,LOOMUSDT
342,LPTUSDT
343,LQTYUSDT
344,LRCUSDT
345,LSKUSDT
346,LTCUSDC
347,LTCUSDT
348,LUMIAUSDT
349,LUNA2USDT
350,LYNUSDT
351,MAGICUSDT
352,MANAUSDT
353,MANTAUSDT
354,MASKUSDT
355,MAVIAUSDT
356,MAVUSDT
357,MBOXUSDT
358,MDTUSDT
359,MELANIAUSDT
360,MEMEFIUSDT
361,MEMEUSDT
362,MERLUSDT
363,METISUSDT
364,METUSDT
365,MEUSDT
366,MEWUSDT
367,MILKUSDT
368,MINAUSDT
369,MIRAUSDT
370,MITOUSDT
371,MKRUSDT
372,MLNUSDT
373,MMTUSDT
374,MOCAUSDT
375,MONUSDT
376,MOODENGUSDT
377,MORPHOUSDT
378,MOVEUSDT
379,MOVRUSDT
380,MTLUSDT
381,MUBARAKUSDT
382,MUSDT
383,MYROUSDT
384,MYXUSDT
385,NAORISUSDT
386,NEARUSDC
387,NEARUSDT
388,NEIROETHUSDT
389,NEIROUSDT
390,NEOUSDC
391,NEOUSDT
392,NEWTUSDT
393,NFPUSDT
394,NIGHTUSDT
395,NILUSDT
396,NKNUSDT
397,NMRUSDT
398,NOMUSDT
399,NOTUSDT
400,NTRNUSDT
401,NULSUSDT
402,NXPCUSDT
403,OBOLUSDT
404,OCEANUSDT
405,OGNUSDT
406,OGUSDT
407,OLUSDT
408,OMGUSDT
409,OMNIUSDT
410,OMUSDT
411,ONDOUSDT
412,ONEUSDT
413,ONGUSDT
414,ONTUSDT
415,ONUSDT
416,OPENUSDT
417,OPUSDT
418,ORBSUSDT
419,ORCAUSDT
420,ORDERUSDT
421,ORDIUSDC
422,ORDIUSDT
423,OXTUSDT
424,PARTIUSDT
425,PAXGUSDT
426,PENDLEUSDT
427,PENGUUSDC
428,PENGUUSDT
429,PEOPLEUSDT
430,PERPUSDT
431,PHAUSDT
432,PHBUSDT
433,PIEVERSEUSDT
434,PIPPINUSDT
435,PIXELUSDT
436,PLAYUSDT
437,PLUMEUSDT
438,PNUTUSDC
439,PNUTUSDT
440,POLUSDT
441,POLYXUSDT
442,PONKEUSDT
443,POPCATUSDT
444,PORT3USDT
445,PORTALUSDT
446,POWERUSDT
447,POWRUSDT
448,PROMPTUSDT
449,PROMUSDT
450,PROVEUSDT
451,PTBUSDT
452,PUFFERUSDT
453,PUMPBTCUSDT
454,PUMPUSDT
455,PUNDIXUSDT
456,PYTHUSDT
457,QNTUSDT
458,QTUMUSDT
459,QUICKUSDT
460,QUSDT
461,RADUSDT
462,RAREUSDT
463,RAVEUSDT
464,RAYSOLUSDT
465,RDNTUSDT
466,RECALLUSDT
467,REDUSDT
468,REEFUSDT
469,REIUSDT
470,RENDERUSDT
471,RENUSDT
472,RESOLVUSDT
473,REZUSDT
474,RIFUSDT
475,RIVERUSDT
476,RLCUSDT
477,RLSUSDT
478,RONINUSDT
479,ROSEUSDT
480,RPLUSDT
481,RSRUSDT
482,RUNEUSDT
483,RVNUSDT
484,RVVUSDT
485,SAFEUSDT
486,SAGAUSDT
487,SAHARAUSDT
488,SANDUSDT
489,SANTOSUSDT
490,SAPIENUSDT
491,SCRTUSDT
492,SCRUSDT
493,SEIUSDT
494,SENTUSDT
495,SFPUSDT
496,SHELLUSDT
497,SIGNUSDT
498,SIRENUSDT
499,SKATEUSDT
500,SKLUSDT
501,SKYAIUSDT
502,SKYUSDT
503,SLERFUSDT
504,SLPUSDT
505,SNTUSDT
506,SNXUSDT
507,SOLUSDC
508,SOLUSDT
509,SOLVUSDT
510,SOMIUSDT
511,SONICUSDT
512,SOONUSDT
513,SOPHUSDT
514,SPELLUSDT
515,SPKUSDT
516,SPXUSDT
517,SQDUSDT
518,SSVUSDT
519,STABLEUSDT
520,STBLUSDT
521,STEEMUSDT
522,STGUSDT
523,STMXUSDT
524,STORJUSDT
525,STOUSDT
526,STPTUSDT
527,STRAXUSDT
528,STRKUSDT
529,STXUSDT
530,SUIUSDC
531,SUIUSDT
532,SUNUSDT
533,SUPERUSDT
534,SUSDT
535,SUSHIUSDT
536,SWARMSUSDT
537,SWELLUSDT
538,SXPUSDT
539,SXTUSDT
540,SYNUSDT
541,SYRUPUSDT
542,SYSUSDT
543,TACUSDT
544,TAGUSDT
545,TAIKOUSDT
546,TAKEUSDT
547,TANSSIUSDT
548,TAOUSDT
549,TAUSDT
550,THETAUSDT
551,THEUSDT
552,TIAUSDC
553,TIAUSDT
554,TLMUSDT
555,TNSRUSDT
556,TOKENUSDT
557,TONUSDT
558,TOSHIUSDT
559,TOWNSUSDT
560,TRADOORUSDT
561,TRBUSDT
562,TREEUSDT
563,TROYUSDT
564,TRUMPUSDC
565,TRUMPUSDT
566,TRUSTUSDT
567,TRUTHUSDT
568,TRUUSDT
569,TRXUSDT
570,TSTUSDT
571,TURBOUSDT
572,TURTLEUSDT
573,TUSDT
574,TUTUSDT
575,TWTUSDT
576,UAIUSDT
577,UBUSDT
578,UMAUSDT
579,UNFIUSDT
580,UNIUSDC
581,UNIUSDT
582,USDCUSDT
583,USELESSUSDT
584,USTCUSDT
585,USUALUSDT
586,USUSDT
587,UXLINKUSDT
588,VANAUSDT
589,VANRYUSDT
590,VELODROMEUSDT
591,VELVETUSDT
592,VETUSDT
593,VFYUSDT
594,VICUSDT
595,VIDTUSDT
596,VINEUSDT
597,VIRTUALUSDT
598,VOXELUSDT
599,VTHOUSDT
600,VVVUSDT
601,WALUSDT
602,WAVESUSDT
603,WAXPUSDT
604,WCTUSDT
605,WETUSDT
606,WIFUSDC
607,WIFUSDT
608,WLDUSDC
609,WLDUSDT
610,WLFIUSDC
611,WLFIUSDT
612,WOOUSDT
613,WUSDT
614,XAIUSDT
615,XANUSDT
616,XAUUSDT
617,XCNUSDT
618,XEMUSDT
619,XLMUSDT
620,XMRUSDT
621,XNYUSDT
622,XPINUSDT
623,XPLUSDT
624,XRPUSDC
625,XRPUSDT
626,XTZUSDT
627,XVGUSDT
628,XVSUSDT
629,YALAUSDT
630,YBUSDT
631,YFIUSDT
632,YGGUSDT
633,ZBTUSDT
634,ZECUSDC
635,ZECUSDT
636,ZENUSDT
637,ZEREBROUSDT
638,ZETAUSDT
639,ZILUSDT
640,ZKCUSDT
641,ZKJUSDT
642,ZKPUSDT
643,ZKUSDT
644,ZORAUSDT
645,ZRCUSDT
646,ZROUSDT
647,ZRXUSDT
648,币安人生USDT
